Algorithm,Mean Return,Std Return,Coefficient of Variation
EP Basic,0.04166973128285181,0.0006294114174680419,0.015104763052001279
EP Advanced,0.0186576036857173,0.0006288750731649761,0.03370610094191197
ES Basic,0.03958508308034439,0.0020983385161208517,0.05300831406269708
ES Advanced,0.0182618535724117,0.0007163030870964723,0.03922400780710432
ES (μ + λ),0.044986230115960715,0.0010925734255260084,0.024286841166945728
"ES (μ, λ)",0.030070783227462705,0.0025255623932155637,0.08398725015280104
