Algorithm,Mean Return,Std Return,Mean Variance,Std Variance,Mean Training Time,Std Training Time
EP Basic,0.04166973128285181,0.0006294114174680419,0.03413653921761041,0.001198805498531646,0.03380772272745764,0.00027578101977535053
EP Advanced,0.0186576036857173,0.0006288750731649761,0.004063474139248727,0.00017992493416392106,0.07979873816172277,0.0011255452095782965
ES Basic,0.03958508308034439,0.0020983385161208517,0.030377764058846474,0.0038050133011485435,0.0120400190353393,0.00018689499200170214
ES Advanced,0.0182618535724117,0.0007163030870964723,0.004034507563145911,0.0002620006245926073,0.16233106454213458,0.0020463554877057674
ES (μ + λ),0.044986230115960715,0.0010925734255260084,0.03978156148126099,0.00213129569442911,0.043564716974894176,0.001086759144865316
"ES (μ, λ)",0.030070783227462705,0.0025255623932155637,0.01728141230952555,0.003487839663073578,0.041988627115885385,0.0004927668082148802
